platform,title,url,budget_min,budget_max,budget_currency,budget_type,skills,category,posted_date,full_description,description_snippet
Freelancer.com,"Long-Term Video Editor for Motorcycle, Travel & Lifestyle Content",https://www.freelancer.com/projects/after-effects/long-term-video-editor-for-40455203,150.0,300.0,EUR,fixed,AFTER EFFECTS | After Effects | Video Editing | Video Production | Video Services | Videography,,,"I’m looking for a long-term video editor to create engaging content for TikTok, Instagram, and YouTube. The focus is on motorcycles, travel, lifestyle, and cinematic moments. Deliverables include 3–5 short-form videos per week (TikTok/Instagram Reels) and occasional long-form YouTube videos. Videos should feature modern editing, strong hooks, captions, smooth transitions, cinematic shots, music, and professional storytelling. The ideal freelancer understands current social media trends and can create viral-style content that stands out.","I’m looking for a long-term video editor to create engaging content for TikTok, Instagram, and YouTube. The focus is on motorcycles, travel, lifestyle, and cinematic moments. Deliverables include 3–5 short-form videos per week (TikTok/Instagram Reels"
Freelancer.com,Male and Female Voice-Over Artists for Audiobook Narration,https://www.freelancer.com/projects/audio-production/male-female-voice-over-artists,700.0,1400.0,GBP,fixed,AUDIO PRODUCTION | Audio Production | Audio Services | English (US) Translator | Music | Voice Talent,,,"I am seeking professional male and female voice-over artists to narrate a 14-page audiobook. Separate recordings are required for each voice. The narration must be completed within 48 hours. Ideal candidates should have experience in audiobook narration, access to high-quality recording equipment, and the ability to deliver clear and engaging audio.",I am seeking professional male and female voice-over artists to narrate a 14-page audiobook. Separate recordings are required for each voice. The narration must be completed within 48 hours. Ideal candidates should have experience in audiobook narrat
Freelancer.com,May26- Extract email based on profile KW from Business B2B network site/s -Urgent,https://www.freelancer.com/projects/data-entry/may-extract-email-based-profile,30.0,250.0,USD,fixed,DATA ENTRY | Data Entry | Excel | Web Scraping | Web Search | Data Mining,,,"Extract from Business Network(see attached file) based on profile of professional 
as any emails and link to their profile in a spread sheet 
any of the words attached HAS TO BE APPEAR in their profile description , otherwise we wont accept the record
Give us a quote for 500 emails , 1000 emails and 5000 emails , 10K , etc

We prefer accurate and fast extraction tools for these sites 

Each entry in a spreadsheet with the fields:

Name, Email address, link to profile, Keyword found in profile (has to be any of the list attached)

We need it in 3-5 days 

you can start with 500 email /records 

your delivery is an excel spread sheet based on what we asked in this project description box and what was attached for this project

We pay $50 for 500 Emails - Must be good emails and related 

We need it ASAP

You can do manual or auto and show us the screenshot of profile if we aske to verify OK and related

see full specs and info in text file attached 

Thanks","Extract from Business Network(see attached file) based on profile of professional as any emails and link to their profile in a spread sheet any of the words attached HAS TO BE APPEAR in their profile description , otherwise we wont accept the record "
Freelancer.com,Azure VDI Performance Optimization,https://www.freelancer.com/projects/network-security/azure-vdi-performance-optimization,2.0,8.0,USD,hourly,NETWORK SECURITY | Network Security | Virtualization | Network Engineering | Cloud Computing | Microsoft Azure,,,"Our Azure Virtual Desktop deployment become sluggish time to time. I want the environment to feel as responsive as a local desktop.

Your task is to trace the bottlenecks—whether they stem from host sizing, storage throughput, profile management, graphics acceleration, or network path—and apply targeted fixes. 
I can walk you through current setup using shared screen app.

The work can be carried out remotely with shared screen using tools from freelancer or Anydesk.","Our Azure Virtual Desktop deployment become sluggish time to time. I want the environment to feel as responsive as a local desktop. Your task is to trace the bottlenecks—whether they stem from host sizing, storage throughput, profile management, grap"
Freelancer.com,AISC Standards Shop Drawing Conversion,https://www.freelancer.com/projects/3d-design/aisc-standards-shop-drawing-conversion,750.0,1500.0,USD,fixed,3D DESIGN | 3D Design | 3D Drafting | 3D Modelling | AutoCAD | CAD/CAM | Graphic Design | Structural Engineering,,,"I need a drawing of a miscellaneous steel structure converted to AISC standards and a detailed shop drawing created. 

Requirements:
- Conversion to AISC standards
- Detailed shop drawing including:
 - Joint connections
 - Welding details

You will have access to a complete set of existing drawings to assist in the conversion. 

Ideal Skills and Experience:
- Proficiency in AISC standards
- Experience with shop drawings for steel structures
- Attention to detail and accuracy
- Strong background in structural engineering or related fields

Please include a portfolio showcasing similar work.",I need a drawing of a miscellaneous steel structure converted to AISC standards and a detailed shop drawing created. Requirements: - Conversion to AISC standards - Detailed shop drawing including: - Joint connections - Welding details You will have a
Freelancer.com,TikTok Golf Promo Specialist,https://www.freelancer.com/projects/video-editing/tiktok-golf-promo-specialist,30.0,250.0,USD,fixed,VIDEO EDITING | Video Editing | Social Media Marketing | Content Creation | Video Production | Social Media Management | Digital Marketing | Content Strategy | Creative Writing | Instagram Marketing | Facebook Marketing,,,"I'm seeking a creative social media promoter to showcase my golf swing analyzer website on TikTok. The goal is to create engaging and entertaining video content that captures attention and drives interest.

Requirements:
- Focus on TikTok, Instagram, Facebook.
- Video content
- Style: Entertaining and Fun Clips, how to fix golf swing with my website

Ideal Skills & Experience:
- Proven track record in growing TikTok accounts
- Expertise in creating engaging, entertaining video content
- Passion for golf or sports is a plus","I'm seeking a creative social media promoter to showcase my golf swing analyzer website on TikTok. The goal is to create engaging and entertaining video content that captures attention and drives interest. Requirements: - Focus on TikTok, Instagram, "
Freelancer.com,Convert 3 DWGs to STP,https://www.freelancer.com/projects/3d-cad/convert-dwgs-stp,15.0,25.0,USD,hourly,3D CAD | 3D CAD | 3D Design | 3D Rendering | 3D Print Design | CAD/CAM | Solidworks | AutoCAD | 3D Modelling,,,"I have three straightforward mechanical part drawings in DWG format that Protolabs cannot accept. I need each one converted to a clean, watertight STP model that will upload without errors. 

While you’re converting, please add any missing overall and critical feature dimensions as well as the material specifications shown on the title block; these details must carry through so the quote Protolabs generates reflects the correct machining requirements. The parts follow normal industry‐standard tolerances, so note the general tolerance block (ISO 2768–mK) in the STEP metadata or on an attached annotation view.

Deliverables 
• One STP file per part, ready for direct upload to Protolabs 
• A quick visual PDF or screenshot of each model showing the added dimensions and material call-outs for confirmation 

I’ll supply the original DWGs immediately and can answer questions on geometry or materials the moment they arise. A fast turnaround is appreciated.","I have three straightforward mechanical part drawings in DWG format that Protolabs cannot accept. I need each one converted to a clean, watertight STP model that will upload without errors. While you’re converting, please add any missing overall and "
Freelancer.com,تعديل مخطط معماري لأرض غير منتظمة,https://www.freelancer.com/projects/autocad/project-40453929,10.0,30.0,USD,fixed,AUTOCAD | AutoCAD | 2D Drafting | Building Design | Architecture | Floor Plan,,,"لدي أرض غير منتظمة الأضلاع (مرفق صورة الكروكي بأبعاد وأطوال الأرض)، ولدي مخطط مبدئي للدور الأرضي (مرفق صورة المخطط). المخطط الحالي جيد ولكنه يحتاج إلى إعادة دراسة وتعديل جذري من قبل مهندس معماري محترف لحل بعض الإشكاليات وتلبية احتياجاتي الجديدة.
الاحتياجات والمكونات المطلوبة في المخطط (نفس المخطط المرفق + إضافة):
1 مجلس رجال + دورة مياه ومغاسل تابعة له.
2 غرفة طعام.
3 صالة عائلية واسعة.
4 مطبخ.
5 غرفة نوم إضافية (هذا هو المطلب الأساسي الجديد).
6 دورة مياه تخدم الصالة وغرفة النوم.
7 منطقة الدرج.
ملاحظات واشتراطات هامة جداً للمصمم (يرجى قراءتها بعناية قبل تقديم العرض):
 لا أريد أي ""شطرات"" (زوايا مائلة) داخل المبنى نهائياً
 الا اذا كان ذالك ضروري ولا مفر منه كيفية : يمكن للمصمم استيعاب الشطرات في الارتدادات الخارجية (الحوش)، أو استغلالها في تصميم مساحات غير رئيسية مثل: (مستودع صغير، غرفة غسيل، مناور، أو دواليب حائطية مخفية) بحيث يبقى الشكل الداخلي للغرف منتظماً.
 مرونة في التصميم: أنا مستعد لتقبل التضحية بمساحات بعض الغرف وتصغيرها بشكل معقول، ولدي مرونة تامة في إعادة ترتيب أماكن الغرف بالكامل (تغيير أماكن المجلس، الصالة، المطبخ.. الخ) إذا كان ذلك سيخدم فكرة إضافة الغرفة الجديدة ويضمن لي التخلص من الشطرات بشكل متناغم وذكي.
 يجب اخذ التهوية بعين الاعتبار المطلوب تسليمه:
 مسقط أفقي (Floor Plan) ثنائي الأبعاد (2D) يوضح التوزيع المعماري الجديد.
 تسليم الملفات بصيغة PDF وأيضاً الملف المصدري AutoCAD (DWG).
المرفقات:
1 صورة كروكي الأرض (بالمقاسات والزوايا).
2 صورة المخطط المبدئي الحالي.",لدي أرض غير منتظمة الأضلاع (مرفق صورة الكروكي بأبعاد وأطوال الأرض)، ولدي مخطط مبدئي للدور الأرضي (مرفق صورة المخطط). المخطط الحالي جيد ولكنه يحتاج إلى إعادة دراسة وتعديل جذري من قبل مهندس معماري محترف لحل بعض الإشكاليات وتلبية احتياجاتي الجديدة. الاح
Freelancer.com,Package Design on Die Lines,https://www.freelancer.com/projects/adobe-illustrator/package-design-die-lines,250.0,750.0,USD,fixed,ADOBE ILLUSTRATOR | Adobe Illustrator | Adobe Photoshop | Brochure Design | Graphic Design | Illustrator | Packaging Design | Photoshop | Product Design,,,"I need an experienced designer to take my packaging design and apply it to die lines. The design is for both boxes and bottles.

Requirements:
- Experience with packaging design, particularly for boxes and bottles.
- Ability to work quickly and deliver high-quality, accurate designs.
- Familiarity with die lines and packaging production processes.

Ideal Skills and Experience:
- Proficiency in design software (e.g., Adobe Illustrator, Photoshop).
- Strong attention to detail and accuracy.
- Previous portfolio work in similar projects.

This project is needed ASAP, so speed and efficiency are key.","I need an experienced designer to take my packaging design and apply it to die lines. The design is for both boxes and bottles. Requirements: - Experience with packaging design, particularly for boxes and bottles. - Ability to work quickly and delive"
Freelancer.com,Zapier-Jotform Integrations Setup,https://www.freelancer.com/projects/zapier/zapier-jotform-integrations-setup,10.0,200.0,USD,fixed,ZAPIER | Zapier | API Integration | Data Integration | PHP | JavaScript | API | Documentation | Automation | Order Processing | Process Automation,,,"My main goal is to integrate each form with other apps through Zapier so information moves instantly without manual exports or copy-pasting. 

First priority is wiring the forms to multiple industry-specific platforms(i.e. Real Estate Transaction Coordination) —so every new submission triggers the right actions (record creation, field updates, tag changes, order processing, etc.). I’ll share API keys and sample form links; you’ll return a set of well-documented Zaps that: 
• capture all incoming Jotform data 
• map it cleanly to the fields I specify in each destination platform, and 
• include error handling and basic formatting where needed (dates, phone numbers, currency). 

Deliverables I expect: 
1. 5 working Zaps per platform, each fully tested in my Zapier account. 
2. A concise hand-off sheet summarising every trigger, action, filter, and code step used. 
3. Quick Loom or similar walkthrough (max 5 min) so my team can extend or duplicate the flows later. 

I’ll provide prompt feedback during testing and am happy to hop on a short call if field mapping gets tricky. Let’s get our data flowing effortlessly.",My main goal is to integrate each form with other apps through Zapier so information moves instantly without manual exports or copy-pasting. First priority is wiring the forms to multiple industry-specific platforms(i.e. Real Estate Transaction Coord
Freelancer.com,Humanities Paper Proofreading,https://www.freelancer.com/projects/academic-writing/humanities-paper-proofreading-40455407,250.0,750.0,EUR,fixed,ACADEMIC WRITING | Academic Writing | Copy Editing | Editing | English Grammar | Proofreading | Research Writing | Word Processing,,,"I have an academic paper in the humanities that is ready for a careful rewrite focused on eliminating grammar mistakes and fixing formatting inconsistencies. The content itself is solid; what I need is a clean, publication-ready version that flows smoothly and meets standard academic conventions.

You will work directly on the existing manuscript, correcting sentence structure, punctuation, verb tense agreement, and citation layout, while making sure headings, footnotes, and spacing follow the required style guide. Please keep the original voice and arguments intact—my priority is accuracy and polish rather than substantial content changes.

Deliver the final file in Word with Track Changes enabled so I can review every edit, plus a clean copy for submission.","I have an academic paper in the humanities that is ready for a careful rewrite focused on eliminating grammar mistakes and fixing formatting inconsistencies. The content itself is solid; what I need is a clean, publication-ready version that flows sm"
Freelancer.com,Science Paper Rewriting Project,https://www.freelancer.com/projects/academic-writing/science-paper-rewriting-project,250.0,750.0,USD,fixed,ACADEMIC WRITING | Academic Writing | Scientific Writing | Technical Writing | Copy Editing | Research Writing | Editing | Proofreading | Article Rewriting,,,"I have a completed scientific manuscript that now needs a thorough rewrite so it reads smoothly, follows academic conventions, and is ready for journal submission. The core content is sound, but the language, flow, and structure must be tightened. I will supply the current draft (Word format) plus all figures, tables, and references. 

Key focus 
• Refine wording for clarity, coherence, and conciseness while preserving technical meaning. 
• Ensure consistent terminology, tense, and citation style throughout. 
• Flag any logical gaps or claims that require supporting data or references. 
• Deliver the revised file with tracked changes and a clean copy. 

Acceptance criteria 
– Every sentence is grammatically correct and flows logically. 
– No section contains redundant or ambiguous phrasing. 
– References adhere to the target journal’s style guide (I will share it). 
– Tracked-changes version and final PDF returned within the agreed timeline. 

If you have experience polishing research articles for peer-reviewed journals and can start shortly, let’s discuss the timeline and any information you need from me.","I have a completed scientific manuscript that now needs a thorough rewrite so it reads smoothly, follows academic conventions, and is ready for journal submission. The core content is sound, but the language, flow, and structure must be tightened. I "
Freelancer.com,Senior Frontend Dev for React/Next.js Project,https://www.freelancer.com/projects/react-js/senior-frontend-dev-for-react,15.0,25.0,USD,hourly,REACT.JS | React.js | Next.js | Frontend Development | GraphQL | JavaScript | HTML5 | CSS | English (US) Translator,,,"Looking for a Senior Frontend Developer with strong experience in React, [login to view URL], TypeScript, and modern frontend development practices.

This is a remote position with flexible working hours and long-term opportunities.

## Requirements

* 6+ years of frontend development experience
* Strong experience with React.js and [login to view URL]
* Strong knowledge of TypeScript and JavaScript (ES6+)
* Experience with GraphQL and REST APIs
* Experience with state management libraries (Redux, Zustand, Context API, etc.)
* Good understanding of responsive design and modern UI/UX principles
* Experience with Git and collaborative workflows
* Ability to work independently and communicate effectively

## Nice to Have

* Experience with Tailwind CSS or Material UI
* Experience with Node.js or full-stack development
* Experience with performance optimization and SEO
* Experience with testing frameworks (Jest, Cypress, Playwright)
* Familiarity with CI/CD pipelines and cloud platforms

## What We Offer

* Fully remote work
* Flexible working schedule
* Long-term collaboration","Looking for a Senior Frontend Developer with strong experience in React, , TypeScript, and modern frontend development practices. This is a remote position with flexible working hours and long-term opportunities. ## Requirements * 6+ years of fronten"
Freelancer.com,Recover Disabled Facebook Page Ownership,https://www.freelancer.com/projects/facebook-developer/recover-disabled-facebook-page-ownership,30.0,250.0,USD,fixed,FACEBOOK DEVELOPMENT | Facebook Development | Social Media Management | Digital Marketing | Customer Support | Facebook Marketing | PHP | MySQL | Social Media Marketing,,,"My Facebook social media account was disabled by the platform without warning, and with it I also lost control of the connected Page. I have already tried the standard appeal forms and ID uploads but keep receiving automated rejections. 

I need a specialist who understands Facebook’s internal review process, Meta Business Suite, and the current appeal routes to: 
• Reinstate the disabled account so I can log in again, or 
• Secure verified ownership of the Page through an alternative method if re-activation proves impossible. 

Acceptance criteria 
1. The account is re-enabled and fully functional, OR documented proof that ownership of the Page has been transferred to me under my chosen login. 
2. A brief, step-by-step summary of what you submitted (forms, IDs, legal requests, etc.) so I can replicate the process should Facebook flag the account in the future. 

I will supply any IDs, business documents, or notarised statements you need promptly. Please outline your estimated timeline and any additional information you will require from me at the start so we can move fast.","My Facebook social media account was disabled by the platform without warning, and with it I also lost control of the connected Page. I have already tried the standard appeal forms and ID uploads but keep receiving automated rejections. I need a spec"
Freelancer.com,Medical College Recommendation Letter,https://www.freelancer.com/projects/research-writing/medical-college-recommendation-letter,250.0,750.0,USD,fixed,RESEARCH WRITING | Research Writing | Proofreading | Editing | Ghostwriting | Research | Content Writing | Medical Writing | Academic Writing,,,"I need a compelling letter of recommendation for my medical college application. This letter will be submitted to a university admissions committee. 

Key requirements: - Must highlight my academic achievements, relevant experiences, and personal qualities that make me a suitable candidate for medical college. - Should be written formally and persuasively, tailored specifically for a medical college application. - Ideally, the writer should have experience with academic or medical admissions processes. 

Please provide samples of previous work.","I need a compelling letter of recommendation for my medical college application. This letter will be submitted to a university admissions committee. Key requirements: - Must highlight my academic achievements, relevant experiences, and personal quali"
Freelancer.com,Company Photo Composition,https://www.freelancer.com/projects/collage-making/company-photo-composition,30.0,250.0,USD,fixed,COLLAGE MAKING | Collage Making | Adobe Photoshop | Adobe Lightroom | Image Processing | Photoshop | Photo Editing | Graphic Design | Photography,,,"I need a professional photo composition showcasing my repossession company's assets. 

Requirements: 
- Single group photo 
- Company trucks/cars included 
- Full body staff shots 
- Outdoor background 
- Company logo added 

Ideal Skills and Experience: 
- Experience in photography 
- Proficient in photo editing 
- Ability to create collages",I need a professional photo composition showcasing my repossession company's assets. Requirements: - Single group photo - Company trucks/cars included - Full body staff shots - Outdoor background - Company logo added Ideal Skills and Experience: - Ex
Freelancer.com,Humorous TV Ad Driving Rentals,https://www.freelancer.com/projects/after-effects/humorous-driving-rentals,250.0,750.0,USD,fixed,AFTER EFFECTS | After Effects | Animation | Commercials | Script Writing | Video Editing | Video Production | Video Services | Voice Over,,,"I’m launching a brand-new construction tool rental service and need a punchy, 30-second TV commercial that makes viewers pick up the phone—or head straight to our site—the same day they see it. The spot must balance laugh-out-loud moments with a crystal-clear offer so homeowners, professional contractors, and weekend DIY enthusiasts all feel we’re speaking directly to them.

Here’s what I’m looking for:
• Three distinct creative concepts to choose from, each built around a humorous hook that highlights the convenience and cost-savings of renting instead of buying. 
• A finalized script, storyboard, and shot list once we lock the winning idea. 
• Full production: casting (or animation), filming, voice-over, rights-cleared music/SFX, editing, color, and broadcast-safe mastering (1080p ProRes + MP4). 
• A strong on-screen and verbal call-to-action featuring our phone number and web address, plus one promo code to trigger immediate rentals. 
• Two social cut-downs (15-second and 6-second) formatted for Instagram Reels/TikTok. 
• Up to two rounds of revisions on the finished edit.

Acceptance criteria: the final 30-second spot must be delivered broadcast-ready, meet loudness standards (-24 LUFS), and clearly communicate our rental offer within the first 10 seconds.

If you’ve produced memorable TV ads—especially for hardware, home-improvement, or similar services—let’s talk timelines and get this rolling.","I’m launching a brand-new construction tool rental service and need a punchy, 30-second TV commercial that makes viewers pick up the phone—or head straight to our site—the same day they see it. The spot must balance laugh-out-loud moments with a crys"
Freelancer.com,Specialty Coffee Branding,https://www.freelancer.com/projects/branding/specialty-coffee-branding,750.0,1500.0,EUR,fixed,BRANDING | Branding | Packaging Design | Visual Design | Typography | Logo Design | Graphic Design | Illustration | Illustrator,,,"I am launching a new specialty coffee roastery and I am looking for a strong designer to help develop the visual identity.

The brand is very personal and built around independence, maturity, precision, and calm confidence. It should feel established, peaceful, simple, premium, and trustworthy — not loud, childish, cartoonish, or overly trendy.

I need help with:

* Logo
* Basic visual identity direction
* Colour palette
* Coffee bag / packaging concept
* Label layout for rotating coffees

The design should feel modern, refined, and distinctive, with strong shelf presence. I want the packaging to stand out without looking like typical loud specialty coffee branding.

The logo should be simple, memorable, and work well across coffee bags, labels, boxes, website, social media, documents, signage, and merchandise. I do not want generic coffee icons such as beans, cups, flames, mountains, or cartoon illustrations.

The tone of the brand should be:

Calm, confident, precise, honest, personal, mature, and independent.

Visual direction I like:

* Minimal but not boring
* Premium but not cold
* Strong typography
* Confident use of one main colour
* Matte / tactile / refined packaging feel
* Clean information hierarchy
* Scandinavian / European restraint
* Strong shelf impact

Visual direction to avoid:

* Cartoonish design
* Childish graphics
* Loud specialty coffee clichés
* Generic coffee symbols
* Trend-led design
* Overly playful branding
* Anything that feels cheap, random, or trying too hard

The final design system should be practical for a small roastery launching with rotating coffees, so it needs to be beautiful but also easy to use and repeat.

Please include examples of previous branding or packaging work, especially in coffee, food, drink, hospitality, or premium consumer goods.

Deliverables required:

* Logo files
* Brand colour palette
* Typography recommendations
* Packaging concept
* Label layout
* Basic brand guidelines
* Editable source files

I am looking for someone with strong taste, restraint, and the ability to create a serious, recognisable brand — not just a quick logo.","I am launching a new specialty coffee roastery and I am looking for a strong designer to help develop the visual identity. The brand is very personal and built around independence, maturity, precision, and calm confidence. It should feel established,"
Freelancer.com,Android App Functional Testing -- 2,https://www.freelancer.com/projects/api-testing/android-app-functional-testing,750.0,1500.0,USD,fixed,API TESTING | API Testing | Test Automation | Android App Development | Android Studio | Android | Mobile App Development | Testing / QA | Mobile App Testing | Reverse Engineering,,,"I have an Android app that’s feature-complete and now needs full functional validation at the system level. The main objective is to exercise every user-visible workflow end-to-end and confirm that all API interactions behave exactly as designed—success paths, edge cases, and graceful failure handling when the network misbehaves.

What I will provide 
• The latest APK (or Play Store internal-test link) 
• Swagger / Postman collection for the REST endpoints 
• High-level user stories and acceptance criteria

What I expect back 
• A concise test plan outlining the scenarios you will cover 
• Executed test cases with pass/fail results, screenshots or screen-captures for any defect found, and clear reproduction steps 
• A structured bug list (severity, steps, expected vs. actual, device/OS) ready for Jira or similar 
• Final summary report highlighting coverage, open issues, and regression recommendations

Key focus areas 
• System-level functional testing on real devices and at least one emulator 
• Thorough validation of all API calls: authentication headers, payload accuracy, response codes, timeouts, and offline/airplane-mode behaviour 
• Confirmation that UI feedback matches backend status (loading states, error toasts, retry logic)

Preferred toolset (use what you’re comfortable with): Android Studio logcat, Postman, Charles/Fiddler for traffic inspection, and any mobile test frameworks such as Espresso or Robotium if they speed things up.

I’m looking to kick this off immediately and iterate quickly until we reach a clean test pass. Let me know your device pool and estimated turnaround once you’ve reviewed the details.",I have an Android app that’s feature-complete and now needs full functional validation at the system level. The main objective is to exercise every user-visible workflow end-to-end and confirm that all API interactions behave exactly as designed—succ
Freelancer.com,Sourcing and Talent Recruiter Partner Needed - For souricng EU based Chinese people -- 2,https://www.freelancer.com/projects/data-entry/sourcing-talent-recruiter-partner-needed,30.0,250.0,USD,fixed,DATA ENTRY | Data Entry | Research | Excel | Human Resources | Web Search | Logistics | Market Research | Talent Acquisition | Sourcing | LinkedIn Recruiting,,,"Sourcing Partner Needed: Chinese Logistics & Operations Experts (EU-Based)

We’re looking for an experienced recruiter/sourcing partner who can independently identify, attract, and shortlist high-quality candidates for a niche talent pool: Chinese Logistics and Operations professionals currently based in the EU who operate their own businesses - more details of the position to be shared.

Scope of your Work as a recruiter/sourcing partner:
1) Conduct targeted sourcing via LinkedIn and other relevant platforms to build a strong candidate pipeline
2) Proactively identify and engage potential candidates
3) Screen each lead thoroughly against our defined criteria (to be provided)
4) Ensure only fully qualified and genuinely interested candidates are included
5) Deliver a clean, well-structured Excel sheet with a minimum of 30 fully qualified candidates, including:
-First name & last name
-Nationality
-Current location (city + country)
-Visa / work authorization status in EU
-Email address
-Phone number (with country code)
-Brief background summary highlighting relevance to the role

⚠️ Important:
On the excel sheet must only be included candidates who fully meet all criteria and have confirmed interest. The list should require no additional filtering on our side.

Compensation:
Fixed fee: $200, payable upon delivery and approval of the qualified 30 candidate list
Ideal Profile for the recruiter :
- Proven experience in talent sourcing or recruitment
- Strong familiarity with the Chinese talent market (highly preferred)
- Ability to work independently and deliver with minimal supervision
- Detail-oriented with a focus on quality over quantity
- Project Completion

You should use your own methods for research such as linked in, google, other apps, etc..

Once the candidate list is reviewed and approved, the project is considered complete.
No further involvement in interviews is required beyond initial screening (e.g., brief call or message to confirm fit)","Sourcing Partner Needed: Chinese Logistics & Operations Experts (EU-Based) We’re looking for an experienced recruiter/sourcing partner who can independently identify, attract, and shortlist high-quality candidates for a niche talent pool: Chinese Log"
Freelancer.com,Research Drone With Autonomous Telemetry,https://www.freelancer.com/projects/ai-development/research-drone-with-autonomous-telemetry,50.0,50.0,USD,hourly,AI DEVELOPMENT | AI Development | Electronics | Programming | Robotics | Robotics and Cognitive Automation,,,"I’m looking for a skilled builder who can help me complete a Holybro x650 drone kit. This is for a research project with The Bulletin of the Atomic Scientists thebulletin.org. I need instruction for both completing the build and programming an NVIDIA Jetson Nano kit. I am a newbie with no experience in electronics and so need instruction at a basic to intermediate level.
Kindly,
Matt",I’m looking for a skilled builder who can help me complete a Holybro x650 drone kit. This is for a research project with The Bulletin of the Atomic Scientists thebulletin.org. I need instruction for both completing the build and programming an NVIDIA
Freelancer.com,HVAC WordPress Site Refresh,https://www.freelancer.com/projects/web-design/hvac-wordpress-site-refresh,250.0,750.0,USD,fixed,WEB DESIGN | Web Design | Web Development | SEO | Website Optimization | Website Design | HTML | PHP | WordPress,,,"We are looking for an experienced WordPress web designer/developer to help us finish and professionally update our company website: americool.us.

We already purchased and installed a WordPress template/theme and updated part of the website as a draft with our company information. However, we need a professional freelancer to clean up the design, improve the layout, update the content, optimize the website, and make it look like a polished, trustworthy HVAC company website.

Our company is Americool Comfort, a licensed HVAC contractor serving residential and commercial customers in the Bay Area, California.

Scope of Work

The freelancer will be responsible for:

Review the current draft website and template structure.
Update the homepage to look professional, modern, and conversion-focused.
Organize and improve service pages for HVAC services, including:
AC repair and replacement
Furnace repair and replacement
Heat pump installation
Mini-split / multi-zone systems
Commercial HVAC service
Preventive maintenance
Update company contact information, call-to-action buttons, forms, and service area information.
Improve mobile responsiveness for phones and tablets.
Improve website speed and remove unnecessary template/demo content.
Make the design consistent with our logo, colors, and HVAC business branding.
Add or improve sections for:
About Us
Services
Why Choose Us
Service Areas
Reviews/testimonials
Contact form
Emergency/same-day service call-to-action
Basic on-page SEO setup:
Page titles
Meta descriptions
Headings
Image alt text
Clean URLs where needed
Make sure the website is easy for us to edit later in WordPress.
Final testing before completion.
Important Requirements
Must have strong experience with WordPress business websites.
Must have experience working with existing WordPress themes/templates.
Must understand responsive design.
Must be able to make the site look professional, clean, and trustworthy.
HVAC, contractor, construction, home service, or local service business website experience is a plus.
Please do not rebuild the website from scratch unless necessary. We prefer improving the current draft/template.
Deliverables
Fully updated WordPress website
Mobile-friendly and desktop-friendly design
Clean homepage and service pages
Updated contact forms and call buttons
Basic SEO setup
Removal of unused demo/template content
Final review and revisions
Short explanation or screen recording showing how we can edit key sections later
What We Will Provide
WordPress access after hiring
Company logo
Company contact information
Existing website draft
List of services
Photos if needed
Any text/content we already have
Please Include in Your Proposal
Examples of WordPress websites you have completed.
Experience with contractor, HVAC, plumbing, construction, or local service websites.
Which page builder you usually work with.
Estimated completion time.
What you need from us to start.
Confirmation that you can work on an existing WordPress template and not just build from scratch.

We are looking for someone reliable, detail-oriented, and able to make our website look professional and ready for customers.",We are looking for an experienced WordPress web designer/developer to help us finish and professionally update our company website: americool.us. We already purchased and installed a WordPress template/theme and updated part of the website as a draft
Freelancer.com,Personal Assistant Needed -- 2,https://www.freelancer.com/projects/research/personal-assistant-needed-40455410,250.0,750.0,USD,fixed,RESEARCH | Research | Virtual Assistant | Business Plans | Customer Service | General Office | Time Management | Email Handling | Slack | Administrative Support,,,"""The role must be for US based Female assistant."" Other guys will be ignored.
I run a growing business and need an experienced assistant who can jump in right away. Your core focus will be keeping my calendar flawless—scheduling meetings across time zones, sending reminders, and rescheduling on the fly when priorities shift. At the same time, I’d like you to watch my primary inbox, filter out low-value messages, draft quick responses, and flag anything that needs my direct input. When travel comes up, you’ll research options, secure the best flights and hotels, and send me a clear itinerary for approval.

I prefer quick, direct phone calls for updates and urgent questions, so you must be comfortable speaking on the phone and able to reach me promptly during business hours. The sooner we get started, the better—I’m looking to have you fully operational within days, not weeks.

Deliverables
• Up-to-date, well-organized calendar with weekly summary 
• Streamlined inbox with priority tags and drafted replies 
• Confirmed travel bookings and shareable itineraries 

Familiarity with Google Workspace, Slack, and standard booking platforms will help you hit the ground running. Discretion, attention to detail, and fluent English are non-negotiable. If you have a solid track record supporting busy executives and can start ASAP, let’s talk.","""The role must be for US based Female assistant."" Other guys will be ignored. I run a growing business and need an experienced assistant who can jump in right away. Your core focus will be keeping my calendar flawless—scheduling meetings across time "
Freelancer.com,10-Second Promo Animation,https://www.freelancer.com/projects/2d-animation/second-promo-animation-40455409,8.0,30.0,EUR,fixed,2D ANIMATION | 2D Animation | Motion Graphics | Blender | Sound Design | Animation | After Effects | 3D Animation | Video Services | Video Editing | Storyboard,,,"I need a polished 10–12 second animation that instantly promotes my brand. The piece will live on social media and as a quick opener in presentations, so it must grab attention fast and finish with a clear branded end-frame.


• Craft a short, promotional animation (10–12 s) in any style you feel best fits—2D, 3D, or motion graphics are all welcome.","I need a polished 10–12 second animation that instantly promotes my brand. The piece will live on social media and as a quick opener in presentations, so it must grab attention fast and finish with a clear branded end-frame. • Craft a short, promotio"
Freelancer.com,Compact 12V Boost Converter PCB,https://www.freelancer.com/projects/bill-of-materials-analysis/compact-boost-converter-pcb,,,,fixed,BILL OF MATERIALS (BOM) ANALYSIS | Bill of Materials (BOM) Analysis | Motor Control | PCB Layout | Electronics | Electrical Engineering | Circuit Design,,,"Project Overview 
We are looking for an experienced PCB designer to develop a compact production ready DC-DC boost converter PCB for our RC product lineup. The PCB size is fixed and must match our existing RC chassis mounting system. 
The board will take input from a single 3.7V 18650 Li-ion battery and boost it to a stable constant 12V output capable of driving either BO motors or N20 motors continuously without major voltage drop under load. 
This is intended for mass production, so the design must be reliable, cost optimized, manufacturable, and use easily available components. 
The final design must be fully production ready and suitable for commercial manufacturing. 

PCB Size and Mechanical Constraints 
PCB dimensions are fixed: 
60mm x 38mm 
All components must be placed only on the top side of the PCB. 
The placement of JST connectors and capacitor positions are fixed to match our existing RC chassis and 
locking system. 
Please strictly follow the provided coordinates and orientations. 
PCB Functional Requirements 
Main Function 
Input: 
Single 3.7V 18650 Li-ion battery 
Output: 
Stable constant 12V DC output 
The board should: 
• Boost 3.7V battery voltage to regulated 12V 
• Maintain stable output voltage under motor load 
• Power 2 DC motors continuously 
• Power 2 external 3V LEDs 
• Turn ON and OFF using an external switch connected through JST connector 
• LEDs should turn ON immediately when PCB is powered 
• Motors should start running immediately when PCB is powered 
 
Connectors and Fixed Positions 
JST Connector Details 
Connector Part Number: 
B2B-XH-A(LF)(SN) 
All connectors are through hole type.
Capacitor Placement Constraints 
We currently have locking structures in our RC chassis based on capacitor positions from our old PCB. 
You may use 2 or 3 capacitors as needed for the design, but please place them within the following 
locations as much as possible. 
Maintaining similar capacitor size is preferred. 
Capacitor Footprint: 
Capacitor_SMD:CP_Elec_8x11.9 
Capacitor Part Number: 
JVE16V470M8X10 
Motor Specifications 
The designer must properly calculate current requirements and select suitable ICs, inductors, capacitors, 
and track widths. 
BO Motor Specifications 
Operating Voltage: 
3V to 12V 
No Load Current: 
40mA to 180mA 
Rated Speed: 
60 RPM 
Rated Torque: 
1 kg·cm 
N20 Motor Specifications 
Operating Voltage: 
6V to 12V 
Rated Voltage: 
12V 
Rated Speed: 
60 RPM 
Stall Current: 
0.75A 
Rated Torque: 
0.97 kg·cm 
Stall Torque: 
3.0 kg·cm 
Design Requirements 
Important Requirements 
• Output voltage must remain stable at 12V under motor load 
• Avoid major voltage drop during startup or load changes 
• Use proper inductors and efficient boost converter IC 
• Track widths must support required motor current safely 
• Design must be suitable for long term operation 
• Use low cost and easily available components 
• Manufacturing cost target for PCB assembly should remain below Rs.100 if possible 
• Avoid expensive or difficult to source components 
• Design should be optimized for mass production 
• Use proper grounding and power routing practices 
• Thermal performance should be considered 
• All SMD components should be placed on top side only 
Deliverables Required 
The freelancer must provide all production files required for manufacturing. 
Required files: 
• Complete schematic design 
• PCB layout design 
• Editable KiCad project files 
• Gerber files 
• Drill files 
• BOM 
• Pick and Place files 
• 3D PCB files 
• PDF schematics 
• PCB fabrication outputs 
• Assembly files 
• Any additional files required for manufacturing 
Workflow Requirement 
Step 1: 
Designer must first create and share schematic design for approval. 
Step 2: 
Only after schematic approval should PCB layout design begin. 
Preferred Skills 
Looking for a designer experienced in: 
• DC-DC boost converter design 
• Power electronics 
• Battery powered PCB systems 
• KiCad PCB design 
• High current PCB routing 
• Manufacturing ready PCB development 
• Cost optimized electronics design 
Additional Notes 
This PCB must fit inside our existing RC product enclosure, so connector and capacitor placement 
accuracy is very important. 
The design should be clean, practical, and production ready, not just a prototype level design. 
Please share previous similar power supply or boost converter PCB work while applying.",Project Overview We are looking for an experienced PCB designer to develop a compact production ready DC-DC boost converter PCB for our RC product lineup. The PCB size is fixed and must match our existing RC chassis mounting system. The board will ta
Freelancer.com,English-Spanish Translation Needed,https://www.freelancer.com/projects/english-translation/english-spanish-translation-needed-40455401,10.0,20.0,USD,hourly,ENGLISH TRANSLATION | English Translation | Language Tutoring | Editing | Proofreading | Translation | Spanish Translator | English (US) Translator | Castilian Spanish Translator,,,"I have a document written in English that I need rendered in clear, natural-sounding Spanish. The source text is already final, so your task is limited to accurate translation and light formatting that mirrors the original layout (headings, bullet points, any embedded terminology, etc.).

Because the exact subject matter and length vary from section to section, please be prepared to handle anything from straightforward narrative to the occasional technical phrase. I’ll supply the full file once we start; at that point you can confirm word count and timeline before we lock in milestones.

Quality is my priority: I expect native-level Spanish, consistent terminology, and a brief self-review so the final copy is publish-ready. CAT-tool use (Trados, MemoQ, Wordfast) is welcome if it helps maintain consistency, but a human read-through is essential.

Deliverable 
• A fully translated Spanish document returned in the same format as the English original, ready for immediate use.

Let me know your estimated turnaround once you’ve seen the file, along with any questions about style, regional variations, or glossary preferences.","I have a document written in English that I need rendered in clear, natural-sounding Spanish. The source text is already final, so your task is limited to accurate translation and light formatting that mirrors the original layout (headings, bullet po"
Freelancer.com,Convert Audit Notes to Images,https://www.freelancer.com/projects/stable-diffusion/convert-audit-notes-images,,,,fixed,STABLE DIFFUSION | Stable Diffusion | Midjourney | AI Art Creation | AI Design | Illustrator | Graphic Design | Photoshop | Illustration,,,"I have a collection of audit notes saved in photos and I want each one transformed into clear, standalone images produced through an AI-generation workflow. The finished visuals will serve purely as my personal reference material, so they don’t need heavy branding or embellishment—just an accurate, easy-to-read rendering of the original content.

Here’s what I need from you: 
• Use an AI image-generation tool (Stable Diffusion, Midjourney, DALL-E, or a comparable model) to recreate each note. 
• Preserve all text, diagrams, and any highlighting exactly as they appear in the source .ai files. 
• Deliver high-resolution PNG or JPEG files, sized so they remain sharp on a standard laptop screen and printable on A4 without pixelation. 
• Keep the style clean and consistent across all pages; no complex illustrations are required, only AI-generated clarity.

If this sounds straightforward, let me know how you’d approach the conversion and the estimated turnaround time.","I have a collection of audit notes saved in photos and I want each one transformed into clear, standalone images produced through an AI-generation workflow. The finished visuals will serve purely as my personal reference material, so they don’t need "
Freelancer.com,Penalty Scheme Development for 3PL Service Provider,https://www.freelancer.com/projects/accounting/penalty-scheme-development-for-service,225.0,450.0,USD,fixed,ACCOUNTING | Accounting | Business Analysis | Business Writing | Project Management | Research Writing,,,"I’m looking for an expert in logistics and finance to create a penalty scheme tailored for my 3PL service provider. The KPI’s have already been defined, and I need a detailed mechanism for calculating penalties based on these KPIs. Additionally, this project requires delivering a detailed document as well as a professional presentation outlining the scheme effectively.

Deliverables:
- A comprehensive penalty scheme document with clear calculation mechanisms.
- A presentation summarizing the penalty scheme for easy communication and understanding.

Ideal Candidate:
- Strong expertise in both logistics and financial modeling.
- Familiarity with KPI-based contract management.","I’m looking for an expert in logistics and finance to create a penalty scheme tailored for my 3PL service provider. The KPI’s have already been defined, and I need a detailed mechanism for calculating penalties based on these KPIs. Additionally, this"
Freelancer.com,Research Analysts Needed,https://www.freelancer.com/projects/aerospace-engineering/research-analysts-needed,250.0,750.0,USD,fixed,AEROSPACE ENGINEERING | Aerospace Engineering | Artificial Intelligence | Research | Research Writing | Report Writing | Technical Writing | Data Analysis,,,"Hello guys, we are hiring professionals from the USA, if you are fit for this profile please apply

Research Analyst
Research Institute of Peace and Security (RIPS)
Remote – United States Preferred

About RIPS

The Research Institute of Peace and Security (RIPS) is an independent research organization focused on international relations, geopolitics, national security, strategic studies, defense policy, and emerging global challenges. Our work supports policymakers, research institutions, industry experts, and strategic decision-makers through evidence-based analysis and forward-looking research.
RIPS is expanding its network of researchers and subject-matter experts with strong backgrounds in security, defense, technology, and geopolitical analysis.

Position Overview

RIPS is seeking experienced Researchers and Think Tank Professionals based in the United States to contribute to research projects related to international security, geopolitics, national defense, and advanced technology sectors.
We are particularly interested in candidates with research or industry experience in:

Aerospace and defense technologies
Cybersecurity and cyber warfare
Artificial intelligence and emerging technologies
Information technology and digital infrastructure
National security and strategic affairs
International relations and geopolitical risk analysis
Defense innovation and military modernization
Key Responsibilities
Conduct in-depth research and policy analysis on global security and geopolitical developments
Prepare research papers, analytical reports, and strategic assessments
Monitor developments in defense, technology, cybersecurity, and international affairs
Contribute expert insights to ongoing institutional research projects
Collaborate with interdisciplinary researchers and policy professionals
Support the development of recommendations related to national security and strategic policy

Qualifications

Background in international relations, political science, security studies, defense studies, cybersecurity, aerospace, information technology, or related fields
Strong analytical, research, and report-writing skills
Experience working with think tanks, research institutions, government agencies, defense sectors, or technology organizations is highly preferred
Understanding of current geopolitical and security trends
Ability to work independently in a remote research environment
Advanced degree or equivalent professional experience preferred","Hello guys, we are hiring professionals from the USA, if you are fit for this profile please apply Research Analyst Research Institute of Peace and Security (RIPS) Remote – United States Preferred About RIPS The Research Institute of Peace and Securi"
Freelancer.com,Personal Assistant Needed,https://www.freelancer.com/projects/administrative-support/personal-assistant-needed-40455388,250.0,750.0,USD,fixed,ADMINISTRATIVE SUPPORT | Administrative Support | Email Handling | Slack | Time Management | Virtual Assistant | Customer Service | General Office | Business Plans | Research,,,"I run a growing business and need an experienced assistant who can jump in right away. Your core focus will be keeping my calendar flawless—scheduling meetings across time zones, sending reminders, and rescheduling on the fly when priorities shift. At the same time, I’d like you to watch my primary inbox, filter out low-value messages, draft quick responses, and flag anything that needs my direct input. When travel comes up, you’ll research options, secure the best flights and hotels, and send me a clear itinerary for approval.

I prefer quick, direct phone calls for updates and urgent questions, so you must be comfortable speaking on the phone and able to reach me promptly during business hours. The sooner we get started, the better—I’m looking to have you fully operational within days, not weeks.

Deliverables
• Up-to-date, well-organized calendar with weekly summary 
• Streamlined inbox with priority tags and drafted replies 
• Confirmed travel bookings and shareable itineraries 

Familiarity with Google Workspace, Slack, and standard booking platforms will help you hit the ground running. Discretion, attention to detail, and fluent English are non-negotiable. If you have a solid track record supporting busy executives and can start ASAP, let’s talk.","""The role must be for US based Female assistant."" Other guys will be ignored. I run a growing business and need an experienced assistant who can jump in right away. Your core focus will be keeping my calendar flawless—scheduling meetings across time "
Freelancer.com,Forecasting Pipeline & React Integration,https://www.freelancer.com/projects/machine-learning/forecasting-pipeline-react-integration,250.0,750.0,GBP,fixed,MACHINE LEARNING (ML) | Machine Learning (ML) | Python | Terraform | Data Processing | JSON | AngularJS | Redis | API Development,,,"I have the [login to view URL] React + TanStack Start UI already in place; now I need it wired to a real-time forecasting backend that can service 100 stores and roughly 10 k SKUs per store from a daily POS feed.

Scope 
• Ingest the feed in CSV first, with the code structured so we can swap to JSON or Parquet later without touching business logic. 
• Store raw and feature-engineered data in partitioned Parquet inside S3, queried locally through DuckDB/Polars and cached in Redis. 
• Train and serve forecasts with LightGBM and Croston/TSB, orchestrated by Airflow. 
• Ship a single-node pipeline that is production-ready yet cleanly abstracted for a 2–4 week lift to PySpark on EMR Serverless when volumes grow. 
• Expose the pipeline through createServerFn so the existing React storefront can request forecasts in real time.

What must be fully exercised by end-to-end tests (Playwright + Vitest + pytest): 
• Data ingestion & processing 
• Machine-learning prediction paths 
• Data storage & retrieval 
• UI-to-API round-trips across the entire flow

Deliverables 
1. Terraform definitions and IAM policies for S3, Redis/ElastiCache, Lambda endpoints and Airflow. 
2. Python package (DuckDB/Polars, LightGBM, Croston) with unit tests and typed docs. 
3. Airflow DAGs ready to deploy, parameterised for store/SKU segmentation. 
4. TypeScript server adapters that plug straight into the TanStack Start frontend. 
5. Playwright, Vitest and pytest suites running in CI, green from ingestion to on-screen forecast. 
6. A concise migration guide outlining what changes when we switch the compute engine to Spark.

Please bid only if you have hands-on experience scaling a single-node ML pipeline to Spark and can share references of similar projects.","I have the React + TanStack Start UI already in place; now I need it wired to a real-time forecasting backend that can service 100 stores and roughly 10 k SKUs per store from a daily POS feed. Scope • Ingest the feed in CSV first, with the code struc"
Freelancer.com,Medical College Recommendation Letter,https://www.freelancer.com/projects/academic-writing/medical-college-recommendation-letter,30.0,250.0,USD,fixed,ACADEMIC WRITING | Academic Writing | Content Writing | Editing | Proofreading | Medical Writing | Research Writing | Research | Ghostwriting,,,"I need a compelling letter of recommendation for my medical college application. This letter will be submitted to a university admissions committee.

Key requirements:
- Must highlight my academic achievements, relevant experiences, and personal qualities that make me a suitable candidate for medical college.
- Should be written formally and persuasively, tailored specifically for a medical college application.
- Ideally, the writer should have experience with academic or medical admissions processes.

Please provide samples of previous work.","I need a compelling letter of recommendation for my medical college application. This letter will be submitted to a university admissions committee. Key requirements: - Must highlight my academic achievements, relevant experiences, and personal quali"
Freelancer.com,Private project or contest #40455392,"https://www.freelancer.com/login?goto=MjhhYzVjODAxZDQzMThhZTI3MDU4MmFjOTdjY2Q5MGZodHRwczovL3d3dy5mcmVlbGFuY2VyLmNvbS9wcm9qZWN0cy9hZG9iZS1pbGx1c3RyYXRvci9kZXZlbG9wZXItbmVlZGVkLWZvci1ncmFwaGljLWRlc2lnbg,,",,,,unknown,Adobe Illustrator | CSS | Figma | Graphic Design | HTML | HTML5 | JavaScript | Website Design,,,,Please Sign Up or Login to see details.
Freelancer.com,Landscape Photography Portfolio Creation,https://www.freelancer.com/projects/adobe-lightroom/landscape-photography-portfolio-creation,10.0,30.0,USD,fixed,ADOBE LIGHTROOM | Adobe Lightroom | Color Grading | Image Processing | Photo Editing | Photo Retouching | Photography | Photoshop,,,"I want to build a curated collection of original, high-resolution landscape photographs that I can license or publish without restrictions. The series should showcase the variety and drama of the natural world—mountain ranges at golden hour, misty forests, rolling rural fields, dramatic coastlines, arid deserts, even urban green belts if they carry a strong sense of place. 

You may work with any professional DSLR or mirrorless setup so long as you shoot in RAW and can supply finished 16-bit TIFFs as well as lightly compressed JPEGs. Thoughtful composition, clean horizons, and accurate colour grading in Lightroom or Capture One are essential; gentle retouching in Photoshop is welcome when it serves realism. Geo-tagged metadata will be a plus, but not mandatory. 

There is no fixed deadline, giving you room to chase the right light and season. I am happy to review small sets as they are ready, offer feedback, and release staged payments per accepted batch. Final delivery will include: 
• A minimum of 30 fully edited images (TIFF + JPEG) 
• A simple spreadsheet noting location, date, and exposure details 
• Written confirmation that all shots are your own work and cleared for unlimited commercial use 

Quality and authenticity take priority over speed, so feel free to propose locations or creative angles before heading out to shoot.","I want to build a curated collection of original, high-resolution landscape photographs that I can license or publish without restrictions. The series should showcase the variety and drama of the natural world—mountain ranges at golden hour, misty fo"
Freelancer.com,AI Creative Talent Sourcer,https://www.freelancer.com/projects/data-analysis/creative-talent-sourcer,,,,fixed,DATA ANALYSIS | Data Analysis | Lead Generation | AI Chatbot | AI Development | AI Research | AI Text-to-text | AI Model Development | Data Collection,,,"I’m assembling a fresh roster of high-calibre creatives and want your help pinpointing the right people. Using AI-enhanced search techniques and solid data analysis, your task is to scan the web, spot Photographers, DOPs, Video Editors and Campaign Designers based out of Mumbai (India) and Vancouver (Canada) who meet my brief, approach them professionally, and line up an introduction.

You should be comfortable pulling insights from LinkedIn, portfolio platforms and niche communities, then validating each lead with data-driven criteria. Experience with AI tools that accelerate prospecting, pattern-match skills, and predict fit will be essential, as is the ability to track outreach and follow-ups in a clear, shareable format.

Deliverables:
• A searchable spreadsheet (or Airtable) containing vetted profiles, contact details and key metrics 
• Outreach log showing messages sent, responses and next steps 
• A weekly summary of findings, insights and any hurdles 

Acceptance criteria: every candidate listed is active, contactable, fits one of the four creative roles, and has confirmed interest in speaking with me.

If you can blend smart data work with friendly, effective outreach, let’s get started.","I’m assembling a fresh roster of high-calibre creatives and want your help pinpointing the right people. Using AI-enhanced search techniques and solid data analysis, your task is to scan the web, spot Photographers, DOPs, Video Editors and Campaign D"
Freelancer.com,Occasional Call Answering Service,https://www.freelancer.com/projects/data-entry/occasional-call-answering-service-40455384,,,,hourly,DATA ENTRY | Data Entry | VoIP | Customer Service | Customer Experience,,,"I’m looking for a reliable person who can pick up my business line whenever I’m unavailable and handle general-inquiry calls in a courteous, professional manner. Expect no more than one call a day on average, so this is truly light-volume work; nevertheless, each caller must feel they’ve reached a polished, well-run office. *I need you to act as a credible reference for future employers

Here’s what I need from you:
• Answer the call using my templates (I’ll provide the exact wording). 
• Note the caller’s name, contact details, and the reason for calling. 
• Email or text me the call summary right after you hang up. 

Because these are general inquiries, you won’t need deep industry knowledge; a clear speaking voice, attentive listening, and a friendly yet polished tone are far more important.","I’m looking for a reliable person who can pick up my business line whenever I’m unavailable and handle general-inquiry calls in a courteous, professional manner. Expect no more than one call a day on average, so this is truly light-volume work; never"
Freelancer.com,Google Ads Specialist for Sales,https://www.freelancer.com/projects/google-ads/google-ads-specialist-for-sales-40455387,,,,fixed,GOOGLE ADS | Google Ads | A/B Testing | Keyword Research | Digital Marketing | Google Adwords | Internet Marketing | SEO | Search Engine Marketing,,,"I have just launched a new company and want to turn Google Ads into our main revenue engine. My priority is simple: drive online sales and prove clear return on ad spend from day one. I need a specialist who can take the reins—planning, building, and optimising campaigns—so I can focus on running the business.

You’ll start by mapping out the most effective campaign formats for us (Search, Display, Video or any combination you feel will convert best). From there, I expect solid keyword research, persuasive ad copy, well-structured conversion tracking, and continuous A/B testing that steadily reduces cost-per-acquisition while scaling sales volume.

Clear weekly reports on spend, clicks, conversions, and ROAS are essential so I can see exactly how each tweak impacts revenue. If your strategy can rapidly turn clicks into customers and demonstrate profitable growth, I’m ready to move quickly.","I have just launched a new company and want to turn Google Ads into our main revenue engine. My priority is simple: drive online sales and prove clear return on ad spend from day one. I need a specialist who can take the reins—planning, building, and"
Freelancer.com,YouTube Podcast Thumbnail Design RG E17,https://www.freelancer.com/contest/youtube-podcast-thumbnail-design-rg-e-2742745,,,,unknown,Browse Jobs | Adobe Illustrator | Adobe Illustrator | Adobe Photoshop | Graphic Design | Logo Design | Photoshop | Photoshop Design | Social Media Marketing | Visual Design | View more | Projects,,,,I am looking for a graphic designer to create a bold and colorful YouTube thumbnail for a podcast. The thumbnail should include a catchy phrase related to the main theme of the podcast. Skills and experience required for this project: Graphic design 
Freelancer.com,Rewrite Science Academic Paper,https://www.freelancer.com/projects/academic-writing/rewrite-science-academic-paper,250.0,750.0,EUR,fixed,ACADEMIC WRITING | Academic Writing | Proofreading | Technical Writing | Copy Editing | Article Rewriting | Research Writing | Editing | Ghostwriting,,,"I have a completed science-and-technology manuscript that now needs a thorough rewrite so it reads like polished, publish-ready academic prose. The core ideas, data, and structure must stay intact; what I need is clearer language, tighter flow, stronger transitions, consistent terminology, and impeccable grammar in formal scholarly style (APA-compatible citations and British spelling preferred).

You will receive the full draft in Microsoft Word. Please return:
• a clean version ready for submission
• a tracked-changes file so I can review every adjustment

Turnaround is urgent—I’d like the revised paper back as soon as possible without compromising quality. If you specialise in scientific writing or have edited journal articles before, your expertise will be invaluable here.","I have a completed science-and-technology manuscript that now needs a thorough rewrite so it reads like polished, publish-ready academic prose. The core ideas, data, and structure must stay intact; what I need is clearer language, tighter flow, stron"
Freelancer.com,Daily Transaction Bookkeeping in Xero,https://www.freelancer.com/projects/data-entry/daily-transaction-bookkeeping-xero,250.0,750.0,USD,fixed,DATA ENTRY | Data Entry | Financial Analysis | Tax Preparation | Financial Consulting | Accounting | Bookkeeping | Xero | MYOB,,,"I need a reliable bookkeeper to record every income and expense that flows through my business each day in Xero. The task is straightforward: log transactions promptly, categorize them accurately, attach any available source documents, and keep the Xero bank feeds tidy so my reports stay up-to-date. 

Consistency matters more than volume—if you can jump in daily, reconcile to the cent, and flag anything unusual, we will work well together. I’ll grant you secure access to the Xero file and supply bank statements, receipts, and invoices through a shared drive. 

Deliverables 
• Daily entry and reconciliation of all income and expense transactions in Xero 
• Clear notes or comments on any items that need my review 
• Weekly confirmation that the dashboard shows “reconciled” for all bank and credit-card feeds 

If you have solid Xero experience and a sharp eye for detail, let’s get started.","I need a reliable bookkeeper to record every income and expense that flows through my business each day in Xero. The task is straightforward: log transactions promptly, categorize them accurately, attach any available source documents, and keep the X"
Freelancer.com,Educational Instagram Reels & Carousels,https://www.freelancer.com/projects/social-media-marketing/educational-instagram-reels-carousels,30.0,250.0,USD,fixed,SOCIAL MEDIA MARKETING | Social Media Marketing | Content Creation | Graphic Design | Instagram Marketing | Animation | After Effects | 3D Animation | Video Editing | Visual Design | Branding,,,"Need to create Instagramm style reels and carusels with Strong hooks in the first three seconds, tight storytelling, on-brand colors, readable text overlays, and smooth transitions are essential so the content feels native to the platform and share-worthy.

Here’s what success looks like for me: 
• Short, vertical Reels (15–30 s) edited for sound-on and sound-off viewing, complete with captions. 
• Swipe-able carousels (5–8 frames) that expand on the Reel’s lesson and end with a subtle product call-to-action. 
• Consistent visual style across every asset.

If you’ve already crafted educational social content that sold a service or product, I’d love to see it. Briefly tell me about that experience and the results it drove. I’m looking to start quickly and keep this running as an ongoing collaboration if we mesh well.

I attached examples","Need to create Instagramm style reels and carusels with Strong hooks in the first three seconds, tight storytelling, on-brand colors, readable text overlays, and smooth transitions are essential so the content feels native to the platform and share-w"
Freelancer.com,Meta Ads Mentor Needed (Trading Niche),https://www.freelancer.com/projects/digital-marketing/meta-ads-mentor-needed-trading,15.0,25.0,USD,hourly,DIGITAL MARKETING | Digital Marketing | Lead Generation | Marketing Strategy | Finance | Internet Marketing | Google Adwords | Facebook Marketing | Advertising | Meta Pixel | Trading,,,"I am looking for an experienced Meta Ads specialist to help guide me while I manage my own ads internally.

This is NOT a fully managed ads role.

I want someone experienced who can help me properly set up, structure, optimize, and scale Meta/Facebook campaigns for my automated trading platform.

Website:
[login to view URL]

What I Need Help With
Campaign structure
Ad set setup
Audience targeting
Lookalike audiences
Retargeting
Scaling strategy
Meta Pixel setup
Conversion API (CAPI)
Event tracking
Domain verification
Funnel optimization
Improving lead quality
Reducing CPL
Creative and ad direction
Best practices for Meta Ads
Business / Niche

My platform focuses on:

Automated Nasdaq trading
Futures & NAS100 traders
Prop firm traders
Trading automation
What I Am Looking For
Someone experienced with Meta Ads
Strong understanding of Pixel + CAPI
Able to explain strategy clearly
Able to guide and mentor
Finance/trading niche experience is a plus

I want to manage the ads myself long term, but I need someone experienced to help me avoid mistakes and point me in the right direction.","I am looking for an experienced Meta Ads specialist to help guide me while I manage my own ads internally. This is NOT a fully managed ads role. I want someone experienced who can help me properly set up, structure, optimize, and scale Meta/Facebook "
Freelancer.com,Premium AI-Focused Logo - GetSparked.pro,https://www.freelancer.com/contest/premium-aifocused-logo-getsparkedpro-2742744,,,,unknown,Browse Jobs | Adobe Illustrator | Adobe Illustrator | Adobe Photoshop | Branding | Graphic Design | Illustrator | Logo Design | Photoshop | Vector Design | View more | Projects,,,,Logo Design Brief — We are building a modern AI venture discovery company that helps people discover the ideal AI business they were meant to build. Our brand is: inspiring intelligent modern innovative approachable premium optimistic trustworthy We 
Freelancer.com,Realistic Nature-Themed Cooler Art,https://www.freelancer.com/projects/art-consulting/realistic-nature-themed-cooler-art,250.0,750.0,USD,fixed,ART CONSULTING | Art Consulting | Painting | Graphic Design | 2D Drawing | Illustration | Caricature & Cartoons | Visual Arts | Arts & Crafts | Art Installation | Creative Design,,,"I need a talented artist to paint a collage on multiple yeti coolers. The themes will include nature scenes, sports, gaming [login to view URL] in a realistic style and clear coated. 

Requirements:
- Realistic painting skills
- Nature scene expertise
- Attention to detail and quality

Ideal skills and experience:
- Portfolio showcasing realistic nature art
- Experience with cooler painting or similar surfaces
- Ability to work within budget and timeline

Please share your portfolio and relevant experience.","I need a talented artist to paint a collage on multiple yeti coolers. The themes will include nature scenes, sports, gaming in a realistic style and clear coated. Requirements: - Realistic painting skills - Nature scene expertise - Attention to detai"
Freelancer.com,Psychometric Tests,https://www.freelancer.com/projects/psychometric-testing/psychometric-tests,10.0,30.0,USD,fixed,PSYCHOMETRIC TESTING | Psychometric Testing | Computer Numerical Control,,,someone who is good in psychometric tests (SA based),someone who is good in psychometric tests (SA based)
Freelancer.com,Single Date Update in PDF,https://www.freelancer.com/projects/adobe-acrobat/single-date-update-pdf,10.0,20.0,GBP,fixed,ADOBE ACROBAT | Adobe Acrobat | Adobe Illustrator | Print Design | Typography | PDF | Adobe InDesign | Illustrator | Graphic Design,,,"I have a finished PDF that is ready to go except for one detail: a single date shown in the body text still reads in the DD/MM/YYYY format and must be replaced with the new date I will supply once we start. Nothing else in the file should move, resize, or lose quality—the layout, fonts, and resolution must remain exactly as‐is.

You’re free to use Adobe Acrobat, Illustrator, InDesign, or any other reliable PDF-editing tool, so long as the final file returns to me looking pixel-perfect and fully editable if it was editable before. Please send back:

• The corrected PDF 
• An outlined-fonts version (optional but appreciated) 
• A brief note confirming what was changed

I expect this to be a quick task for someone comfortable with precise PDF edits and version control. Let me know your turnaround time and I’ll forward the file right away.","I have a finished PDF that is ready to go except for one detail: a single date shown in the body text still reads in the DD/MM/YYYY format and must be replaced with the new date I will supply once we start. Nothing else in the file should move, resiz"
Freelancer.com,Informational Business Website & SEO,https://www.freelancer.com/projects/web-development/informational-business-website-seo,,,,fixed,WEB DEVELOPMENT | Web Development | WordPress | Web Design | CMS | Website Design | SEO | Graphic Design | HTML,,,"I’m ready to launch a small business website whose sole purpose is to give visitors clear, trustworthy information about our company. I already know an “About Us” page is essential, and I’m happy to hear your recommendations on whether a Home, Contact, or any other page would improve navigation and credibility.

You’ll take the project from zero to live, handling design, development, hosting configuration, and fundamental search-engine optimisation so the site is easy to find the moment it goes online. A lightweight, easily editable CMS such as WordPress, Webflow, or a similar platform is preferred for ongoing updates.

Deliverables 
• Fully responsive website built on the agreed CMS 
• At least one complete “About Us” page, with room for expansion 
• On-page SEO: keyword research, meta titles/descriptions, alt tags, schema where appropriate 
• XML sitemap and [login to view URL], submitted to Google Search Console 
• Basic performance tuning to meet core-web-vital standards 
• Handover of all credentials, theme files, and a brief how-to guide for future edits

Acceptance criteria 
The site must load cleanly on mobile and desktop, score green on Google’s PageSpeed Insights, and be indexed in Google with no critical errors.

If this sounds like your wheelhouse, tell me how you’ll approach the build and SEO rollout, along with a rough timeline.","I’m ready to launch a small business website whose sole purpose is to give visitors clear, trustworthy information about our company. I already know an “About Us” page is essential, and I’m happy to hear your recommendations on whether a Home, Contac"
Freelancer.com,Digital Marketing Manager for Empowerment Brand,https://www.freelancer.com/projects/digital-marketing/digital-marketing-manager-for-40454984,15.0,25.0,USD,hourly,DIGITAL MARKETING | Digital Marketing | Social Media Management | Email Marketing | SEO | Social Media Marketing | Internet Marketing | Facebook Marketing | Content Writing,,,"PROJECT BRIEF
Part-Time Digital Marketing Manager
For Patricia Searing, Ph.D. - ""The Empowerment Doctor""
ABOUT THE PROJECT
I am launching a personal/professional development and organizational transformation brand centered around original frameworks including:
Searing Method TM
Third Force Thought TM
Point of Origin TM Technology
My work integrates:
Human & Organization Development
Learning Organizations
Leadership Development
Personal Transformation
Emotional/Somatic Awareness
Educational and transformational content
I already have:
A completed digital marketing strategy
Website in development
Content systems
Scripts and posting plans
Lead magnet concepts
Social media direction
Webinar and video strategy
I now need a part-time Digital Marketing Manager / Content Coordinator to help implement the plan consistently and professionally.
IDEAL CANDIDATE
This role is ideal for:
A graduate student
Advanced marketing student
Emerging digital marketer
Social media/content specialist building experience
Someone organized, creative, and reliable
I do not need a large agency or expensive senior strategist.
I do need someone who can:
Follow systems
Execute consistently
Organize content
Help schedule and post
Assist with growth and visibility
Communicate clearly and professionally
SCOPE OF WORK
PRIMARY RESPONSIBILITIES
Content Management
Organize content calendar
Schedule posts across platforms
Maintain consistency in branding and messaging
Repurpose content into multiple formats
Social Media Management
Platforms include:
Instagram
Facebook
LinkedIn
YouTube Shorts
Tasks:
Upload and schedule posts
Format captions
Apply hashtags
Monitor engagement
Light community interaction
Video & Content Support
Assist with short-form video posting
Add captions/subtitles if possible
Help organize content library
Create simple Canva-style graphics/posts
Email Marketing Support
Upload email drafts into platform
Help organize lead magnet delivery
Support webinar announcements
Website & Content Coordination
Coordinate blog uploads
Organize SEO keywords
Help maintain consistency between social platforms and website messaging
TOOLS (Preferred but Not Required)
Helpful experience with:
Canva
Google Docs
Google Drive
YouTube
Instagram Reels
Facebook Business tools
LinkedIn posting
Mailchimp or ConvertKit
Basic SEO understanding
Scheduling platforms (Later, Buffer, Meta Suite, etc.)
WORK STYLE
This role requires someone who is:
Organized
Consistent
Calm under direction
Able to follow an existing strategy
Interested in transformational, educational, or personal development content
Strong communication skills are important.
TIME COMMITMENT
Estimated:
5-10 hours/week initially
Potential to expand later
Flexible remote work.
BUDGET
This is a startup-stage project.
I am specifically seeking:
affordable emerging talent
student-level or early-career rates
someone interested in growing with the brand over time
Please include:
hourly or monthly rates
examples of social posting work
organizational systems experience
video/content samples if available
TO APPLY
Please send:
Brief introduction
Why this role interests you
Relevant experience
Social/content samples
Availability
Hourly or monthly rate
PROJECT GOAL
The goal is to build a strong, authentic digital presence that supports:
personal transformation
leadership development
organizational learning
educational content
webinars
lead generation
online visibility
Long-term growth potential exists for the right person.
Applicants must have excellent command of English language, no exceptions","PROJECT BRIEF Part-Time Digital Marketing Manager For Patricia Searing, Ph.D. - ""The Empowerment Doctor"" ABOUT THE PROJECT I am launching a personal/professional development and organizational transformation brand centered around original frameworks "
Freelancer.com,RingCentral Setup for New Startup U-S-based (ONLY),https://www.freelancer.com/projects/project-management/ringcentral-setup-for-new-startup,,,,hourly,PROJECT MANAGEMENT | Project Management | Customer Support | Cloud Computing | Technical Support | VoIP | Telecommunications Engineering | Account Management | Twilio | Business Consulting | System Administration,,,"I am launching a new business in the United States and need an experienced, U-S-based professional to get our RingCentral account fully up and running. The goal is to hand over a clean, correctly configured system that my team can start using immediately for voice, SMS, and basic call routing.

Here is what I expect from the engagement:
• Complete initial account creation with the correct company details and U.S. address verification 
• Configuration of main company number, extensions, voicemail, and call flow so incoming calls reach the right person every time 
• Basic auto-attendant greeting and after-hours rules 
• Confirmation that emergency (E911) information is filed properly for all extensions 
• A short hand-off session (video or in person if you are nearby) showing me where critical settings live

Because this is for a brand-new enterprise, there are no legacy systems to migrate. At this stage I do not need integrations or user training beyond the brief walkthrough described above. 

When you apply, focus on your direct experience setting up RingCentral (or similar VoIP platforms) for U.S. businesses—particularly any cases where you handled the full initial build. If you have certifications or can share a quick success story, that will help me choose quickly.

I am ready to begin as soon as I find the right expert who can demonstrate clear, hands-on RingCentral setup expertise within the United States.","I am launching a new business in the United States and need an experienced, U-S-based professional to get our RingCentral account fully up and running. The goal is to hand over a clean, correctly configured system that my team can start using immedia"
Freelancer.com,Digital image processing - project,https://www.freelancer.com/projects/image-processing/digital-image-processing-project,30.0,250.0,USD,fixed,IMAGE PROCESSING | Image Processing | Computer Vision | Data Analysis | Machine Learning (ML) | Matlab and Mathematica | Python | MATLAB | Image Analysis | Image Recognition,,,"I need someone to do a ""trial"" project for me. I can send info on the project when the freelancer contacts me.","I need someone to do a ""trial"" project for me. I can send info on the project when the freelancer contacts me."
Mostaqel.com,محترف كتابة محتوى تسويقي ميديا,https://mostaql.com/project/1242073-%D9%85%D8%AD%D8%AA%D8%B1%D9%81-%D9%83%D8%AA%D8%A7%D8%A8%D8%A9-%D9%85%D8%AD%D8%AA%D9%88%D9%89-%D8%AA%D8%B3%D9%88%D9%8A%D9%82%D9%8A-%D9%85%D9%8A%D8%AF%D9%8A%D8%A7,,,,unknown,,,2026-05-19 20:34:40,كتاب محتوى معبر جذاب يلامس القلب والعاطفة ويحقق الهدف المرجو منه,
Mostaqel.com,تصميم Workflow احترافي باستخدام n8n,https://mostaql.com/project/1242071-%D8%AA%D8%B5%D9%85%D9%8A%D9%85-workflow-%D8%A7%D8%AD%D8%AA%D8%B1%D8%A7%D9%81%D9%8A-%D8%A8%D8%A7%D8%B3%D8%AA%D8%AE%D8%AF%D8%A7%D9%85-n8n,,,,unknown,,,2026-05-19 20:34:10,المطلوب في الـ Workflow:,
Mostaqel.com,مستقل متخصص في إعلانات قوقل,https://mostaql.com/project/1242072-%D9%85%D8%B3%D8%AA%D9%82%D9%84-%D9%85%D8%AA%D8%AE%D8%B5%D8%B5-%D9%81%D9%8A-%D8%A5%D8%B9%D9%84%D8%A7%D9%86%D8%A7%D8%AA-%D9%82%D9%88%D9%82%D9%84,,,,unknown,,,2026-05-19 20:21:08,السلام عليكم ورحمة الله وبركاتة,
Mostaqel.com,تفعيل وربط اي بوابة دفع لشركة أمريكية LLC على Shopify,https://mostaql.com/project/1234359-%D8%AA%D9%81%D8%B9%D9%8A%D9%84-%D9%88%D8%B1%D8%A8%D8%B7-%D8%A7%D9%8A-%D8%A8%D9%88%D8%A7%D8%A8%D8%A9-%D8%AF%D9%81%D8%B9-%D9%84%D8%B4%D8%B1%D9%83%D8%A9-%D8%A3%D9%85%D8%B1%D9%8A%D9%83%D9%8A%D8%A9-llc-%D8%B9%D9%84%D9%89-shopify,,,,unknown,,,2026-05-19 20:15:53,أبحث عن مستقل محترف لديه خبرة عملية في بوابات الدفع الإلكترونية لمساعدتي في اختيار، تفعيل، وربط بوابة دفع مناسبة لشركتي.,
Mostaqel.com,تصميم هوية وبورتفوليو,https://mostaql.com/project/1242067-%D8%AA%D8%B5%D9%85%D9%8A%D9%85-%D9%87%D9%88%D9%8A%D8%A9-%D9%88%D8%A8%D9%88%D8%B1%D8%AA%D9%81%D9%88%D9%84%D9%8A%D9%88,,,,unknown,,,2026-05-19 19:45:17,موقع الكتروني اقدم فيه لوحاتي واعمالي الفنية وتقديم ورشات فنيه وتصاميم خاصة لدعوات الزفاف,
Mostaqel.com,خدمة عملاء ومتابعة الحجوزات,https://mostaql.com/project/1242066-%D8%AE%D8%AF%D9%85%D8%A9-%D8%B9%D9%85%D9%84%D8%A7%D8%A1-%D9%88%D9%85%D8%AA%D8%A7%D8%A8%D8%B9%D8%A9-%D8%A7%D9%84%D8%AD%D8%AC%D9%88%D8%B2%D8%A7%D8%AA,,,,unknown,,,2026-05-19 19:36:00,مستقلة لخدمة العملاء ومتابعة الحجوزات,
Mostaqel.com,إنشاء مدونة,https://mostaql.com/project/1242058-%D8%A5%D9%86%D8%B4%D8%A7%D8%A1-%D9%85%D8%AF%D9%88%D9%86%D8%A9,,,,unknown,,,2026-05-19 19:20:42,ابا حد ينشئ لي مدونة جذابة وقيمه عشان اسوق لها واربطها في قوقل ادسنس واخذ عليها ارباح,
Mostaqel.com,تطبيق مسابقات ثقافية بنظام النقاط والإحالة والربح من الإعلانات.,https://mostaql.com/project/1226787-%D8%AA%D8%B7%D8%A8%D9%8A%D9%82-%D9%85%D8%B3%D8%A7%D8%A8%D9%82%D8%A7%D8%AA-%D8%AB%D9%82%D8%A7%D9%81%D9%8A%D8%A9-%D8%A8%D9%86%D8%B8%D8%A7%D9%85-%D8%A7%D9%84%D9%86%D9%82%D8%A7%D8%B7-%D9%88%D8%A7%D9%84%D8%A5%D8%AD%D8%A7%D9%84%D8%A9-%D9%88%D8%A7%D9%84%D8%B1%D8%A8%D8%AD-%D9%85%D9%86-%D8%A7%D9%84%D8%A5%D8%B9%D9%84%D8%A7%D9%86%D8%A7%D8%AA,,,,unknown,,,2026-05-19 19:08:06,أريد تنفيذ تطبيق أندرويد يعتمد على المسابقات (سؤال وجواب) يتضمن الميزات التالية:,
Mostaqel.com,تصميم صور لكروت داخل منصة,https://mostaql.com/project/1242059-%D8%AA%D8%B5%D9%85%D9%8A%D9%85-%D8%B5%D9%88%D8%B1-%D9%84%D9%83%D8%B1%D9%88%D8%AA-%D8%AF%D8%A7%D8%AE%D9%84-%D9%85%D9%86%D8%B5%D8%A9,,,,unknown,,,2026-05-19 19:01:00,أحتاج تصميم صور احترافية لاستخدامها داخل كروت (Cards) في واجهة المنصة.,
Mostaqel.com,مسؤل عن قنوات تليجرام,https://mostaql.com/project/1242053-%D9%85%D8%B3%D8%A4%D9%84-%D8%B9%D9%86-%D9%82%D9%86%D9%88%D8%A7%D8%AA-%D8%AA%D9%84%D9%8A%D8%AC%D8%B1%D8%A7%D9%85,,,,unknown,,,2026-05-19 18:44:28,السلام عليكم عندي قنوات تليجرام كلها دورات انجلش احتاج مسؤل عنها يصمم وينزل كويزات وملفات لدورة ويرد على زباين ويكون كله مسوؤل عن قنوات العمل قابل لتمديد ولكن المدة حاليا فقط شهر نبي تجربة,
Mostaqel.com,مصمم محترف لبناء قالب ماستر وحزمة بوستات إطلاق لمتجر إلكتروني,https://mostaql.com/project/1242057-%D9%85%D8%B5%D9%85%D9%85-%D9%85%D8%AD%D8%AA%D8%B1%D9%81-%D9%84%D8%A8%D9%86%D8%A7%D8%A1-%D9%82%D8%A7%D9%84%D8%A8-%D9%85%D8%A7%D8%B3%D8%AA%D8%B1-%D9%88%D8%AD%D8%B2%D9%85%D8%A9-%D8%A8%D9%88%D8%B3%D8%AA%D8%A7%D8%AA-%D8%A5%D8%B7%D9%84%D8%A7%D9%82-%D9%84%D9%85%D8%AA%D8%AC%D8%B1-%D8%A5%D9%84%D9%83%D8%AA%D8%B1%D9%88%D9%86%D9%8A,,,,unknown,,,2026-05-19 18:41:19,السلام عليكم ورحمة الله وبركاته،,
Mostaqel.com,إنتاج فيديو إعلاني لروضة أطفال,https://mostaql.com/project/1242054-%D8%A5%D9%86%D8%AA%D8%A7%D8%AC-%D9%81%D9%8A%D8%AF%D9%8A%D9%88-%D8%A5%D8%B9%D9%84%D8%A7%D9%86%D9%8A-%D9%84%D8%B1%D9%88%D8%B6%D8%A9-%D8%A3%D8%B7%D9%81%D8%A7%D9%84,,,,unknown,,,2026-05-19 18:33:45,السلام عليكم,
Mostaqel.com,تصميم لوجو وهوية,https://mostaql.com/project/1241692-%D8%AA%D8%B5%D9%85%D9%8A%D9%85-%D9%84%D9%88%D8%AC%D9%88-%D9%88%D9%87%D9%88%D9%8A%D8%A9,,,,unknown,,,2026-05-19 18:29:59,تصميم لوقو وهوية,
Mostaqel.com,تصميم مخطط لفيلا 3 أدوار,https://mostaql.com/project/1242051-%D8%AA%D8%B5%D9%85%D9%8A%D9%85-%D9%85%D8%AE%D8%B7%D8%B7-%D9%84%D9%81%D9%8A%D9%84%D8%A7-3-%D8%A3%D8%AF%D9%88%D8%A7%D8%B1,,,,unknown,,,2026-05-19 18:19:31,أرض زاوية بمساحة 375 م2,
Mostaqel.com,تحويل صور احترافية لمنتجات ملابس,https://mostaql.com/project/1242049-%D8%AA%D8%AD%D9%88%D9%8A%D9%84-%D8%B5%D9%88%D8%B1-%D8%A7%D8%AD%D8%AA%D8%B1%D8%A7%D9%81%D9%8A%D8%A9-%D9%84%D9%85%D9%86%D8%AA%D8%AC%D8%A7%D8%AA-%D9%85%D9%84%D8%A7%D8%A8%D8%B3,,,,unknown,,,2026-05-19 18:14:54,السلام عليكم،,
Mostaqel.com,إنشاء موقع خيري للمتبرعين بالدم,https://mostaql.com/project/1242046-%D8%A5%D9%86%D8%B4%D8%A7%D8%A1-%D9%85%D9%88%D9%82%D8%B9-%D8%AE%D9%8A%D8%B1%D9%8A-%D9%84%D9%84%D9%85%D8%AA%D8%A8%D8%B1%D8%B9%D9%8A%D9%86-%D8%A8%D8%A7%D9%84%D8%AF%D9%85,,,,unknown,,,2026-05-19 18:13:39,السلام عليكم،,
Mostaqel.com,مبرمج أودو لبداية الاشتراك بالأمور المحاسبية ونقل الادارة من زوهو الى أودو,https://mostaql.com/project/1242038-%D9%85%D8%A8%D8%B1%D9%85%D8%AC-%D8%A3%D9%88%D8%AF%D9%88-%D9%84%D8%A8%D8%AF%D8%A7%D9%8A%D8%A9-%D8%A7%D9%84%D8%A7%D8%B4%D8%AA%D8%B1%D8%A7%D9%83-%D8%A8%D8%A7%D9%84%D8%A3%D9%85%D9%88%D8%B1-%D8%A7%D9%84%D9%85%D8%AD%D8%A7%D8%B3%D8%A8%D9%8A%D8%A9-%D9%88%D9%86%D9%82%D9%84-%D8%A7%D9%84%D8%A7%D8%AF%D8%A7%D8%B1%D8%A9-%D9%85%D9%86-%D8%B2%D9%88%D9%87%D9%88-%D8%A7%D9%84%D9%89-%D8%A3%D9%88%D8%AF%D9%88,,,,unknown,,,2026-05-19 17:20:08,مطلوب مبرمج أودو لبداية الاشتراك بالأمور المحاسبية ونقل الادارة من زوهو الى أودو,
Mostaqel.com,مجلة إنجليزي 40 صفحة تقريبا,https://mostaql.com/project/1242040-%D9%85%D8%AC%D9%84%D8%A9-%D8%A5%D9%86%D8%AC%D9%84%D9%8A%D8%B2%D9%8A-40-%D8%B5%D9%81%D8%AD%D8%A9-%D8%AA%D9%82%D8%B1%D9%8A%D8%A8%D8%A7,,,,unknown,,,2026-05-19 17:14:17,عندي مجلة انجليزي تقريبا 40 صفحه,
Mostaqel.com,محامين ومستشارين قانونيين للعمل بشركة محاماة,https://mostaql.com/project/1242025-%D9%85%D8%AD%D8%A7%D9%85%D9%8A%D9%86-%D9%88%D9%85%D8%B3%D8%AA%D8%B4%D8%A7%D8%B1%D9%8A%D9%86-%D9%82%D8%A7%D9%86%D9%88%D9%86%D9%8A%D9%8A%D9%86-%D9%84%D9%84%D8%B9%D9%85%D9%84-%D8%A8%D8%B4%D8%B1%D9%83%D8%A9-%D9%85%D8%AD%D8%A7%D9%85%D8%A7%D8%A9,,,,unknown,,,2026-05-19 16:59:44,السلام عليكم ورحمة الله,
Mostaqel.com,حملات إعلانية على قوقل,https://mostaql.com/project/1237328-%D8%AD%D9%85%D9%84%D8%A7%D8%AA-%D8%A5%D8%B9%D9%84%D8%A7%D9%86%D9%8A%D8%A9-%D8%B9%D9%84%D9%89-%D9%82%D9%88%D9%82%D9%84,,,,unknown,,,2026-05-19 16:27:04,عندي متجر في زد,
Mostaqel.com,تصميم محطة رفع أو غرفة مضخات,https://mostaql.com/project/1242028-%D8%AA%D8%B5%D9%85%D9%8A%D9%85-%D9%85%D8%AD%D8%B7%D8%A9-%D8%B1%D9%81%D8%B9-%D8%A3%D9%88-%D8%BA%D8%B1%D9%81%D8%A9-%D9%85%D8%B6%D8%AE%D8%A7%D8%AA,,,,unknown,,,2026-05-19 16:25:10,السلام عليكم ورحمة الله,
Mostaqel.com,مسوق ومصمم محترف وذو خبرة في أدوات Ai,https://mostaql.com/project/1242023-%D9%85%D8%B3%D9%88%D9%82-%D9%88%D9%85%D8%B5%D9%85%D9%85-%D9%85%D8%AD%D8%AA%D8%B1%D9%81-%D9%88%D8%B0%D9%88-%D8%AE%D8%A8%D8%B1%D8%A9-%D9%81%D9%8A-%D8%A3%D8%AF%D9%88%D8%A7%D8%AA-ai,,,,unknown,,,2026-05-19 16:01:53,مطلوب مصمم ومسوق عنده خبره ويعرف يستخدم ادوات ai بشغله + يفضل يكون اشتغل بالسوق السعودي او مع براندات سعودية ويفهم فيه,
Mostaqel.com,تعديل على موقع ووردبريس,https://mostaql.com/project/1241943-%D8%AA%D8%B9%D8%AF%D9%8A%D9%84-%D8%B9%D9%84%D9%89-%D9%85%D9%88%D9%82%D8%B9-%D9%88%D9%88%D8%B1%D8%AF%D8%A8%D8%B1%D9%8A%D8%B3,,,,unknown,,,2026-05-19 15:44:03,السلام عليكم,
Mostaqel.com,تصميم هوية بصرية احترافية,https://mostaql.com/project/1242021-%D8%AA%D8%B5%D9%85%D9%8A%D9%85-%D9%87%D9%88%D9%8A%D8%A9-%D8%A8%D8%B5%D8%B1%D9%8A%D8%A9-%D8%A7%D8%AD%D8%AA%D8%B1%D8%A7%D9%81%D9%8A%D8%A9,,,,unknown,,,2026-05-19 15:25:32,السلام عليكم ورحمة الله وبركاته,
Mostaqel.com,تصميم كتاب مرجعي لطلاب الامتياز – تخصص التغذية العلاجية بأسلوب Infographic / Sketchnote,https://mostaql.com/project/1242017-%D8%AA%D8%B5%D9%85%D9%8A%D9%85-%D9%83%D8%AA%D8%A7%D8%A8-%D9%85%D8%B1%D8%AC%D8%B9%D9%8A-%D9%84%D8%B7%D9%84%D8%A7%D8%A8-%D8%A7%D9%84%D8%A7%D9%85%D8%AA%D9%8A%D8%A7%D8%B2-%D8%AA%D8%AE%D8%B5%D8%B5-%D8%A7%D9%84%D8%AA%D8%BA%D8%B0%D9%8A%D8%A9-%D8%A7%D9%84%D8%B9%D9%84%D8%A7%D8%AC%D9%8A%D8%A9-%D8%A8%D8%A3%D8%B3%D9%84%D9%88%D8%A8-infographic-sketchnote,,,,unknown,,,2026-05-19 15:24:48,أبحث عن مصمم/ة جرافيك محترف لتصميم كتاب تعليمي مرجعي موجه لطلاب الامتياز في تخصص التغذية العلاجية,
